USE Geochronologia

DROP TABLE GeoPietro;
DROP TABLE GeoEpoka;
DROP TABLE GeoOkres;
DROP TABLE GeoEra;
DROP TABLE GeoEon;
DROP TABLE GeoTabela;


CREATE TABLE GeoPietro(id_pietro SMALLINT PRIMARY KEY NOT NULL, nazwa_pietro VARCHAR(50));
CREATE TABLE GeoOkres(id_okres SMALLINT PRIMARY KEY NOT NULL, nazwa_okres VARCHAR(50));
CREATE TABLE GeoEpoka(id_epoka SMALLINT PRIMARY KEY NOT NULL, nazwa_epoka VARCHAR(50));
CREATE TABLE GeoEra(id_era SMALLINT PRIMARY KEY NOT NULL, nazwa_era VARCHAR(50));
CREATE TABLE GeoEon(id_eon SMALLINT PRIMARY KEY NOT NULL, nazwa_eon VARCHAR(50));

INSERT INTO GeoPietro (id_pietro, nazwa_pietro)
VALUES (101, 'megalaj'),
(100, 'northgrip'),
(99, 'grenland'),
(98, 'późny plejstocen'),
(97, 'chiban'),
(96, 'kalabr'),
(95, 'gelas'),
(94, 'piacent'),
(93, 'zankl'),
(92, 'messyn'),
(91, 'torton'),
(90, 'serrawal'),
(89, 'lang'),
(88, 'burdygał'),
(87, 'akwitan'),
(86, 'szat'),
(85, 'rupel'),
(84, 'priabon'),
(83, 'barton'),
(82, 'lutet'),
(81, 'iprez'),
(80, 'tanet'),
(79, 'zeland'),
(78, 'dan'),
(77, 'mastrycht'),
(76, 'kampan'),
(75, 'santon'),
(74, 'koniak'),
(73, 'turon'),
(72, 'cenoman'),
(71, 'alb'),
(70, 'apt'),
(69, 'barrem'),
(68, 'hoteryw'),
(67, 'walanżyn'),
(66, 'berrias'),
(65, 'tyton'),
(64, 'kimeryd'),
(63, 'oksford'),
(62, 'kelowej'),
(61, 'baton'),
(60, 'bajos'),
(59, 'aalen'),
(58, 'toark'),
(57, 'pliensbach'),
(56, 'synemur'),
(55, 'hettang'),
(54, 'retyk'),
(53, 'noryk'),
(52, 'karnik'),
(51, 'ladyn'),
(50, 'anizyk'),
(49, 'olenek'),
(48, 'ind'),
(47, 'czangsing'),
(46, 'wucziaping'),
(45, 'kapitan'),
(44, 'word'),
(43, 'road'),
(42, 'kungur'),
(41, 'artinsk'),
(40, 'sakmar'),
(39, 'assel'),
(38, 'gżel'),
(37, 'kasimow'),
(36, 'moskow'),
(35, 'baszkir'),
(34, 'serpuchow'),
(33, 'wizen'),
(32, 'turnej'),
(31, 'famen'),
(30, 'fran'),
(29, 'żywet'),
(28, 'eifel'),
(27, 'ems'),
(26, 'prag'),
(25, 'lochkow'),
(24, 'przydol'),
(23, 'ludford'),
(22, 'gorst'),
(21, 'homer'),
(20, 'szejnwud'),
(19, 'telicz'),
(18, 'aeron'),
(17, 'ruddan'),
(16, 'hirnant'),
(15, 'kat'),
(14, 'sandb'),
(13, 'darriwil'),
(12, 'daping'),
(11, 'flo'),
(10, 'tremadok'),
(9, 'piętro 10 kambru'),
(8, 'dziangszan'),
(7, 'paib'),
(6, 'gużang'),
(5, 'drum'),
(4, 'wuliuan'),
(3, 'piętro 4 kambru'),
(2, 'piętro 3 kambru'),
(1, 'piętro 2 kambru'),
(0, 'fortun');

INSERT INTO GeoEpoka (id_epoka, nazwa_epoka)
VALUES (37, 'holocen'),
(36, 'plejstocen'),
(35, 'pliocen'),
(34, 'miocen'),
(33, 'oligocen'),
(32, 'eocen'),
(31, 'paleocen'),
(30, 'późna kreda'),
(29, 'wczesna kreda'),
(28, 'jura późna'),
(27, 'jura środkowa'),
(26, 'jura wczesna'),
(25, 'późny trias'),
(24, 'środkowy trias'),
(23, 'wczesny trias'),
(22, 'loping'),
(21, 'gwadalup'),
(20, 'cisural'),
(19, 'późny pensylwan'),
(18, 'środkowy pensylwan'),
(17, 'wczesny pensylwan'),
(16, 'późny missisip'),
(15, 'środkowy missisip'),
(14, 'wczesny missisip'),
(13, 'późny dewon'),
(12, 'środkowy dewon'),
(11, 'wczesny dewon'),
(10, 'przydol'),
(9, 'ludlow'),
(8, 'wenlok'),
(7, 'landower'),
(6, 'ordowik późny'),
(5, 'ordowik środkowy'),
(4, 'ordowik wczesny'),
(3, 'furong'),
(2, 'miaoling'),
(1, 'oddział 2 kambru'),
(0, 'terenew');

INSERT INTO GeoOkres (id_okres, nazwa_okres)
VALUES (21, 'czwartorzęd'),
(20, 'neogen'),
(19, 'paleogen'),
(18, 'kreda'),
(17, 'jura'),
(16, 'trias'),
(15, 'perm'),
(14, 'karbon'),
(13, 'dewon'),
(12, 'sylur'),
(11, 'ordowik'),
(10, 'kambr'),
(9, 'ediakar'),
(8, 'kriogen'),
(7, 'ton'),
(6, 'sten'),
(5, 'ektas'),
(4, 'kalim'),
(3, 'stater'),
(2, 'orosir'),
(1, 'riak'),
(0, 'sider');

INSERT INTO GeoEra (id_era, nazwa_era)
VALUES (9, 'kenozoik'),
(8, 'mezozoik'),
(7, 'paleozoik'),
(6, 'neoproterozoik'),
(5, 'mezoproterozoik'),
(4, 'paleoproterozoik'),
(3, 'neoarchaik'),
(2, 'mezoarchaik'),
(1, 'paleoarchaik'),
(0, 'eoarchaik');

INSERT INTO GeoEon (id_eon, nazwa_eon)
VALUES (3, 'fanerozoik'),
(2, 'proterozoik'),
(1, 'archaik'),
(0, 'hadeik');


CREATE TABLE GeoTabela(
id_pietro SMALLINT, nazwa_pietro VARCHAR(50),
id_epoka SMALLINT, nazwa_epoka VARCHAR(50),
id_okres SMALLINT, nazwa_okres VARCHAR(50),
id_era SMALLINT, nazwa_era VARCHAR(50),
id_eon SMALLINT, nazwa_eon VARCHAR(50));

INSERT INTO GeoTabela (id_pietro, nazwa_pietro, id_epoka, nazwa_epoka, id_okres, nazwa_okres, id_era, nazwa_era, id_eon, nazwa_eon)
VALUES(101, 'megalaj', 37, 'holocen', 21, 'czwartorzęd', 9, 'kenozoik', 3, 'fanerozoik'),
(100, 'northgrip', 37, 'holocen', 21, 'czwartorzęd', 9, 'kenozoik', 3, 'fanerozoik'),
(99, 'grenland', 37, 'holocen', 21, 'czwartorzęd', 9, 'kenozoik', 3, 'fanerozoik'),
(98, 'późny plejstocen', 36, 'plejstocen', 21, 'czwartorzęd', 9, 'kenozoik', 3, 'fanerozoik'),
(97, 'chiban', 36, 'plejstocen', 21, 'czwartorzęd', 9, 'kenozoik', 3, 'fanerozoik'),
(96, 'kalabr', 36, 'plejstocen', 21, 'czwartorzęd', 9, 'kenozoik', 3, 'fanerozoik'),
(95, 'gelas', 36, 'plejstocen', 21, 'czwartorzęd', 9, 'kenozoik', 3, 'fanerozoik'),
(94, 'piacent', 35, 'pliocen', 20, 'neogen', 9, 'kenozoik', 3, 'fanerozoik'),
(93, 'zankl', 35, 'pliocen', 20, 'neogen', 9, 'kenozoik', 3, 'fanerozoik'),
(92, 'messyn', 34, 'miocen', 20, 'neogen', 9, 'kenozoik', 3, 'fanerozoik'),
(91, 'torton', 34, 'miocen', 20, 'neogen', 9, 'kenozoik', 3, 'fanerozoik'),
(90, 'serrawal', 34, 'miocen', 20, 'neogen', 9, 'kenozoik', 3, 'fanerozoik'),
(89, 'lang', 34, 'miocen', 20, 'neogen', 9, 'kenozoik', 3, 'fanerozoik'),
(88, 'burdygał', 34, 'miocen', 20, 'neogen', 9, 'kenozoik', 3, 'fanerozoik'),
(87, 'akwitan', 34, 'miocen', 20, 'neogen', 9, 'kenozoik', 3, 'fanerozoik'),
(86, 'szat', 33, 'oligocen', 19, 'paleogen', 9, 'kenozoik', 3, 'fanerozoik'),
(85, 'rupel', 33, 'oligocen', 19, 'paleogen', 9, 'kenozoik', 3, 'fanerozoik'),
(84, 'priabon', 32, 'eocen', 19, 'paleogen', 9, 'kenozoik', 3, 'fanerozoik'),
(83, 'barton', 32, 'eocen', 19, 'paleogen', 9, 'kenozoik', 3, 'fanerozoik'),
(82, 'lutet', 32, 'eocen', 19, 'paleogen', 9, 'kenozoik', 3, 'fanerozoik'),
(81, 'iprez', 32, 'eocen', 19, 'paleogen', 9, 'kenozoik', 3, 'fanerozoik'),
(80, 'tanet', 31, 'paleocen', 19, 'paleogen', 9, 'kenozoik', 3, 'fanerozoik'),
(79, 'zeland', 31, 'paleocen', 19, 'paleogen', 9, 'kenozoik', 3, 'fanerozoik'),
(78, 'dan', 31, 'paleocen', 18, 'paleogen', 9, 'kenozoik', 3, 'fanerozoik'),
(77, 'mastrycht', 30, 'późna kreda', 18, 'kreda', 8, 'mezozoik', 3, 'fanerozoik'),
(76, 'kampan', 30, 'późna kreda', 18, 'kreda', 8, 'mezozoik', 3, 'fanerozoik'),
(75, 'santon', 30, 'późna kreda', 18, 'kreda', 8, 'mezozoik', 3, 'fanerozoik'),
(74, 'koniak', 30, 'późna kreda', 18, 'kreda', 8, 'mezozoik', 3, 'fanerozoik'),
(73, 'turon', 30, 'późna kreda', 18, 'kreda', 8, 'mezozoik', 3, 'fanerozoik'),
(72, 'cenoman', 30, 'późna kreda', 18, 'kreda', 8, 'mezozoik', 3, 'fanerozoik'),
(71, 'alb', 29, 'wczesna kreda', 18, 'kreda', 8, 'mezozoik', 3, 'fanerozoik'),
(70, 'apt', 29, 'wczesna kreda', 18, 'kreda', 8, 'mezozoik', 3, 'fanerozoik'),
(69, 'barrem', 29, 'wczesna kreda', 18, 'kreda', 8, 'mezozoik', 3, 'fanerozoik'),
(68, 'hoteryw', 29, 'wczesna kreda', 18, 'kreda', 8, 'mezozoik', 3, 'fanerozoik'),
(67, 'walanżyn', 29, 'wczesna kreda', 18, 'kreda', 8, 'mezozoik', 3, 'fanerozoik'),
(66, 'berrias', 29, 'wczesna kreda', 18, 'kreda', 8, 'mezozoik', 3, 'fanerozoik'),
(65, 'tyton', 28, 'jura późna', 17, 'jura', 8, 'mezozoik', 3, 'fanerozoik'),
(64, 'kimeryd', 28, 'jura późna', 17, 'jura', 8, 'mezozoik', 3, 'fanerozoik'),
(63, 'oksford', 28, 'jura późna', 17, 'jura', 8, 'mezozoik', 3, 'fanerozoik'),
(62, 'kelowej', 27, 'jura środkowa', 17, 'jura', 8, 'mezozoik', 3, 'fanerozoik'),
(61, 'baton', 27, 'jura środkowa', 17, 'jura', 8, 'mezozoik', 3, 'fanerozoik'),
(60, 'bajos', 27, 'jura środkowa', 17, 'jura', 8, 'mezozoik', 3, 'fanerozoik'),
(59, 'aalen', 27, 'jura środkowa', 17, 'jura', 8, 'mezozoik', 3, 'fanerozoik'),
(58, 'toark', 26, 'jura wczesna', 17, 'jura', 8, 'mezozoik', 3, 'fanerozoik'),
(57, 'pliensbach', 26, 'jura wczesna', 17, 'jura', 8, 'mezozoik', 3, 'fanerozoik'),
(56, 'synemur', 26, 'jura wczesna', 17, 'jura', 8, 'mezozoik', 3, 'fanerozoik'),
(55, 'hettang', 26, 'jura wczesna', 17, 'jura', 8, 'mezozoik', 3, 'fanerozoik'),
(54, 'retyk', 25, 'późny trias', 16, 'trias', 8, 'mezozoik', 3, 'fanerozoik'),
(53, 'noryk', 25, 'późny trias', 16, 'trias', 8, 'mezozoik', 3, 'fanerozoik'),
(52, 'karnik', 25, 'późny trias', 16, 'trias', 8, 'mezozoik', 3, 'fanerozoik'),
(51, 'ladyn', 24, 'środkowy trias', 16, 'trias', 8, 'mezozoik', 3, 'fanerozoik'),
(50, 'anizyk', 24, 'środkowy trias', 16, 'trias', 8, 'mezozoik', 3, 'fanerozoik'),
(49, 'olenek', 23, 'wczesny trias', 16, 'trias', 8, 'mezozoik', 3, 'fanerozoik'),
(48, 'ind', 23, 'wczesny trias', 16, 'trias', 8, 'mezozoik', 3, 'fanerozoik'),
(47, 'czangsing', 22, 'loping', 15, 'perm', 7, 'paleozoik', 3, 'fanerozoik'),
(46, 'wucziaping', 22, 'loping', 15, 'perm', 7, 'paleozoik', 3, 'fanerozoik'),
(45, 'kapitan', 21, 'gwadalup', 15, 'perm', 7, 'paleozoik', 3, 'fanerozoik'),
(44, 'word', 21, 'gwadalup', 15, 'perm', 7, 'paleozoik', 3, 'fanerozoik'),
(43, 'road', 21, 'gwadalup', 15, 'perm', 7, 'paleozoik', 3, 'fanerozoik'),
(42, 'kungur', 20, 'cisural', 15, 'perm', 7, 'paleozoik', 3, 'fanerozoik'),
(41, 'artinsk', 20, 'cisural', 15, 'perm', 7, 'paleozoik', 3, 'fanerozoik'),
(40, 'sakmar', 20, 'cisural', 15, 'perm', 7, 'paleozoik', 3, 'fanerozoik'),
(39, 'assel', 20, 'cisural', 15, 'perm', 7, 'paleozoik', 3, 'fanerozoik'),
(38, 'gżel', 19, 'późny pensylwan', 14, 'karbon', 7, 'paleozoik', 3, 'fanerozoik'),
(37, 'kasimow', 19, 'późny pensylwan', 14, 'karbon', 7, 'paleozoik', 3, 'fanerozoik'),
(36, 'moskow', 18, 'środkowy pensylwan', 14, 'karbon', 7, 'paleozoik', 3, 'fanerozoik'),
(35, 'baszkir', 17, 'wczesny pensylwan', 14, 'karbon', 7, 'paleozoik', 3, 'fanerozoik'),
(34, 'serpuchow', 16, 'późny missisip', 14, 'karbon', 7, 'paleozoik', 3, 'fanerozoik'),
(33, 'wizen', 15, 'środkowy missisip', 14, 'karbon', 7, 'paleozoik', 3, 'fanerozoik'),
(32, 'turnej', 14, 'wczesny missisip', 14, 'karbon', 7, 'paleozoik', 3, 'fanerozoik'),
(31, 'famen', 13, 'późny dewon', 13, 'dewon', 7, 'paleozoik', 3, 'fanerozoik'),
(30, 'fran', 13, 'późny dewon', 13, 'dewon', 7, 'paleozoik', 3, 'fanerozoik'),
(29, 'żywet', 12, 'środkowy dewon', 13, 'dewon', 7, 'paleozoik', 3, 'fanerozoik'),
(28, 'eifel', 12, 'środkowy dewon', 13, 'dewon', 7, 'paleozoik', 3, 'fanerozoik'),
(27, 'ems', 11, 'wczesny dewon', 13, 'dewon', 7, 'paleozoik', 3, 'fanerozoik'),
(26, 'prag', 11, 'wczesny dewon', 13, 'dewon', 7, 'paleozoik', 3, 'fanerozoik'),
(25, 'lochkow', 11, 'wczesny dewon', 13, 'dewon', 7, 'paleozoik', 3, 'fanerozoik'),
(24, 'przydol', 10, 'przydol', 12, 'sylur', 7, 'paleozoik', 3, 'fanerozoik'),
(23, 'ludford', 9, 'ludlow', 12, 'sylur', 7, 'paleozoik', 3, 'fanerozoik'),
(22, 'gorst', 9, 'ludlow', 12, 'sylur', 7, 'paleozoik', 3, 'fanerozoik'),
(21, 'homer', 8, 'wenlok', 12, 'sylur', 7, 'paleozoik', 3, 'fanerozoik'),
(20, 'szejnwud', 8, 'wenlok', 12, 'sylur', 7, 'paleozoik', 3, 'fanerozoik'),
(19, 'telicz', 7, 'landower', 12, 'sylur', 7, 'paleozoik', 3, 'fanerozoik'),
(18, 'aeron', 7, 'landower', 12, 'sylur', 7, 'paleozoik', 3, 'fanerozoik'),
(17, 'ruddan', 7, 'landower', 12, 'sylur', 7, 'paleozoik', 3, 'fanerozoik'),
(16, 'hirnant', 6, 'ordowik późny', 11, 'ordowik', 7, 'paleozoik', 3, 'fanerozoik'),
(15, 'kat', 6, 'ordowik późny', 11, 'ordowik', 7, 'paleozoik', 3, 'fanerozoik'),
(14, 'sandb', 6, 'ordowik późny', 11, 'ordowik', 7, 'paleozoik', 3, 'fanerozoik'),
(13, 'darriwil', 5, 'ordowik środkowy', 11, 'ordowik', 7, 'paleozoik', 3, 'fanerozoik'),
(12, 'daping', 5, 'ordowik środkowy', 11, 'ordowik', 7, 'paleozoik', 3, 'fanerozoik'),
(11, 'flo', 4, 'ordowik wczesny', 11, 'ordowik', 7, 'paleozoik', 3, 'fanerozoik'),
(10, 'tremadok', 4, 'ordowik wczesny', 11, 'ordowik', 7, 'paleozoik', 3, 'fanerozoik'),
(9, 'piętro 10 kambru', 3, 'furong', 10, 'kambr', 7, 'paleozoik', 3, 'fanerozoik'),
(8, 'dziangszan', 3, 'furong', 10, 'kambr', 7, 'paleozoik', 3, 'fanerozoik'),
(7, 'paib', 3, 'furong', 10, 'kambr', 7, 'paleozoik', 3, 'fanerozoik'),
(6, 'gużang', 2, 'miaoling', 10, 'kambr', 7, 'paleozoik', 3, 'fanerozoik'),
(5, 'drum', 2, 'miaoling', 10, 'kambr', 7, 'paleozoik', 3, 'fanerozoik'),
(4, 'wuliuan', 2, 'miaoling', 10, 'kambr', 7, 'paleozoik', 3, 'fanerozoik'),
(3, 'piętro 4 kambru', 1, 'oddział 2 kambru', 10, 'kambr', 7, 'paleozoik', 3, 'fanerozoik'),
(2, 'piętro 3 kambru', 1, 'oddział 2 kambru', 10, 'kambr', 7, 'paleozoik', 3, 'fanerozoik'),
(1, 'piętro 2 kambru', 0, 'terenew', 10, 'kambr', 7, 'paleozoik', 3, 'fanerozoik'),
(0, 'fortun', 0, 'terenew', 10, 'kambr', 7, 'paleozoik', 3, 'fanerozoik'),
(NULL, NULL, NULL, NULL, 9, 'ediakar', 6, 'neoproterozoik', 2, 'proterozoik'),
(NULL, NULL, NULL, NULL, 8, 'kriogen', 6, 'neoproterozoik', 2, 'proterozoik'),
(NULL, NULL, NULL, NULL, 7, 'ton', 6, 'neoproterozoik', 2, 'proterozoik'),
(NULL, NULL, NULL, NULL, 6, 'sten', 5, 'mezoproterozoik', 2, 'proterozoik'),
(NULL, NULL, NULL, NULL, 5, 'ektas', 5, 'mezoproterozoik', 2, 'proterozoik'),
(NULL, NULL, NULL, NULL, 4, 'kalim', 5, 'mezoproterozoik', 2, 'proterozoik'),
(NULL, NULL, NULL, NULL, 3, 'stater', 4, 'paleoproterozoik', 2, 'proterozoik'),
(NULL, NULL, NULL, NULL, 2, 'orosir', 4, 'paleoproterozoik', 2, 'proterozoik'),
(NULL, NULL, NULL, NULL, 1, 'riak', 4, 'paleoproterozoik', 2, 'proterozoik'),
(NULL, NULL, NULL, NULL, 0, 'sider', 4, 'paleoproterozoik', 2, 'proterozoik'),
(NULL, NULL, NULL, NULL, NULL, NULL, 3, 'neoarchaik', 1, 'archaik'),
(NULL, NULL, NULL, NULL, NULL, NULL, 2, 'mezoarchaik', 1, 'archaik'),
(NULL, NULL, NULL, NULL, NULL, NULL, 1, 'paleoarchaik', 1, 'archaik'),
(NULL, NULL, NULL, NULL, NULL, NULL, 0, 'eoarchaik', 1, 'archaik'),
(NULL, NULL, NULL, NULL, NULL, NULL, NULL, NULL, 0, 'hadeik');

CREATE TABLE GeoJoin(id_pietro SMALLINT, id_epoka SMALLINT, id_okres SMALLINT, id_era SMALLINT, id_eon SMALLINT)
INSERT INTO GeoJoin
VALUES(101, 37, 21, 9, 3),
(100, 37, 21, 9, 3),
(99, 37, 21, 9, 3),
(98, 36, 21, 9, 3),
(97, 36, 21, 9, 3),
(96, 36, 21, 9, 3),
(95, 36, 21, 9, 3),
(94, 35, 20, 9, 3),
(93, 35, 20, 9, 3),
(92, 34, 20, 9, 3),
(91, 34, 20, 9, 3),
(90, 34, 20, 9, 3),
(89, 34, 20, 9, 3),
(88, 34, 20, 9, 3),
(87, 34, 20, 9, 3),
(86, 33, 19, 9, 3),
(85, 33, 19, 9, 3),
(84, 32, 19, 9, 3),
(83, 32, 19, 9, 3),
(82, 32, 19, 9, 3),
(81, 32, 19, 9, 3),
(80, 31, 19, 9, 3),
(79, 31, 19, 9, 3),
(78, 31, 18, 9, 3),
(77, 30, 18, 8, 3),
(76, 30, 18, 8, 3),
(75, 30, 18, 8, 3),
(74, 30, 18, 8, 3),
(73, 30, 18, 8, 3),
(72, 30, 18, 8, 3),
(71, 29, 18, 8, 3),
(70, 29, 18, 8, 3),
(69, 29, 18, 8, 3),
(68, 29, 18, 8, 3),
(67, 29, 18, 8, 3),
(66, 29, 18, 8, 3),
(65, 28, 17, 8, 3),
(64, 28, 17, 8, 3),
(63, 28, 17, 8, 3),
(62, 27, 17, 8, 3),
(61, 27, 17, 8, 3),
(60, 27, 17, 8, 3),
(59, 27, 17, 8, 3),
(58, 26, 17, 8, 3),
(57, 26, 17, 8, 3),
(56, 26, 17, 8, 3),
(55, 26, 17, 8, 3),
(54, 25, 16, 8, 3),
(53, 25, 16, 8, 3),
(52, 25, 16, 8, 3),
(51, 24, 16, 8, 3),
(50, 24, 16, 8, 3),
(49, 23, 16, 8, 3),
(48, 23, 16, 8, 3),
(47, 22, 15, 7, 3),
(46, 22, 15, 7, 3),
(45, 21, 15, 7, 3),
(44, 21, 15, 7, 3),
(43, 21, 15, 7, 3),
(42, 20, 15, 7, 3),
(41, 20, 15, 7, 3),
(40, 20, 15, 7, 3),
(39, 20, 15, 7, 3),
(38, 19, 14, 7, 3),
(37, 19, 14, 7, 3),
(36, 18, 14, 7, 3),
(35, 17, 14, 7, 3),
(34, 16, 14, 7, 3),
(33, 15, 14, 7, 3),
(32, 14, 14, 7, 3),
(31, 13, 13, 7, 3),
(30, 13, 13, 7, 3),
(29, 12, 13, 7, 3),
(28, 12, 13, 7, 3),
(27, 11, 13, 7, 3),
(26, 11, 13, 7, 3),
(25, 11, 13, 7, 3),
(24, 10, 12, 7, 3),
(23, 9, 12, 7, 3),
(22, 9, 12, 7, 3),
(21, 8, 12, 7, 3),
(20, 8, 12, 7, 3),
(19, 7, 12, 7, 3),
(18, 7, 12, 7, 3),
(17, 7, 12, 7, 3),
(16, 6, 11, 7, 3),
(15, 6, 11, 7, 3),
(14, 6, 11, 7, 3),
(13, 5, 11, 7, 3),
(12, 5, 11, 7, 3),
(11, 4, 11, 7, 3),
(10, 4, 11, 7, 3),
(9, 3, 10, 7, 3),
(8, 3, 10, 7, 3),
(7, 3, 10, 7, 3),
(6, 2, 10, 7, 3),
(5, 2, 10, 7, 3),
(4, 2, 10, 7, 3),
(3, 1, 10, 7, 3),
(2, 1, 10, 7, 3),
(1, 0, 10, 7, 3),
(0, 0, 10, 7, 3),
(NULL, NULL, 9, 6, 2),
(NULL, NULL, 8, 6, 2),
(NULL, NULL, 7, 6, 2),
(NULL, NULL, 6, 5, 2),
(NULL, NULL, 5, 5, 2),
(NULL, NULL, 4, 5, 2),
(NULL, NULL, 3, 4, 2),
(NULL, NULL, 2, 4, 2),
(NULL, NULL, 1, 4, 2),
(NULL, NULL, 0, 4, 2),
(NULL, NULL, NULL, 3, 1),
(NULL, NULL, NULL, 2, 1),
(NULL, NULL, NULL, 1, 1),
(NULL, NULL, NULL, 0, 1),
(NULL, NULL, NULL, NULL, 0);




CREATE TABLE Dziesiec(cyfra SMALLINT);

INSERT INTO Dziesiec(cyfra)
VALUES(0),(1),(2),(3),(4),(5),(6),(7),(8),(9);

SELECT * INTO Milion
FROM
(SELECT a1.cyfra + 10 * a2.cyfra + 100 * a3.cyfra + 1000 * a4.cyfra + 10000 * a5.cyfra + 100000 * a6.cyfra AS liczba,
a1.cyfra AS cyfra
FROM Dziesiec a1, Dziesiec a2, Dziesiec a3, Dziesiec a4, Dziesiec a5, Dziesiec a6) tablica;

SELECT * FROM Milion ORDER BY liczba;


--1ZL

SELECT COUNT(*) FROM Milion JOIN GeoTabela ON (Milion.liczba%102 = (GeoTabela.id_pietro));

--2ZL

SELECT COUNT(*) FROM Milion JOIN GeoPietro ON (Milion.liczba%102 = GeoPietro.id_pietro)
JOIN GeoJoin ON GeoPietro.id_pietro = GeoJoin.id_pietro
JOIN GeoEpoka ON GeoEpoka.id_epoka = GeoJoin.id_epoka
JOIN GeoOkres ON GeoOkres.id_okres = GeoJoin.id_okres
JOIN GeoEra ON GeoEra.id_era = GeoJoin.id_era
JOIN GeoEon ON GeoEon.id_eon = GeoJoin.id_eon

--3ZG

SELECT COUNT(*) FROM Milion WHERE Milion.liczba%102 = (SELECT id_pietro FROM GeoTabela WHERE Milion.liczba%102 = (id_pietro));

--4ZG

SELECT COUNT(*) FROM Milion WHERE Milion.liczba%102 = 
(SELECT GeoPietro.id_pietro FROM GeoPietro
JOIN GeoJoin ON GeoPietro.id_pietro = GeoJoin.id_pietro
JOIN GeoEpoka ON GeoEpoka.id_epoka = GeoJoin.id_epoka
JOIN GeoOkres ON GeoOkres.id_okres = GeoJoin.id_okres
JOIN GeoEra ON GeoEra.id_era = GeoJoin.id_era
JOIN GeoEon ON GeoEon.id_eon = GeoJoin.id_eon
WHERE Milion.liczba%102 = GeoPietro.id_pietro);





SELECT GeoPietro.id_pietro, GeoPietro.nazwa_pietro,
GeoEpoka.id_epoka, GeoEpoka.nazwa_epoka,
GeoOkres.id_okres, GeoPietro.nazwa_epoka,
GeoEra.id_era, GeoEra.nazwa_era,
GeoEon.id_eon, GeoEon.nazwa_eon
FROM GeoJoin
JOIN GeoPietro ON GeoPietro.id_pietro = GeoJoin.id_pietro
JOIN GeoEpoka ON GeoEpoka.id_epoka = GeoJoin.id_epoka
JOIN GeoOkres ON GeoOkres.id_okres = GeoJoin.id_okres
JOIN GeoEra ON GeoEra.id_era = GeoJoin.id_era
JOIN GeoEon ON GeoEon.id_eon = GeoJoin.id_eon